Row,PlotID,Extern Source Name,Extern Source ID,Event ID
60001,60001,VO_External_C_00_01.wem,60001,15156
60002,60002,VO_External_C_00_02.wem,60002,15156
60003,60003,VO_External_C_00_03.wem,60003,15156
60004,60004,VO_External_C_00_04.wem,60004,15156
60005,60005,VO_External_C_00_05.wem,60005,15156
60006,60006,VO_External_C_00_06.wem,60006,15156
60007,60007,VO_External_C_00_07.wem,60007,15156
60008,60008,VO_External_C_00_08.wem,60008,15156
60009,60009,VO_External_C_00_09.wem,60009,15156
60010,60010,VO_External_C_00_10.wem,60010,15158
60011,60011,VO_External_C_00_11.wem,60011,15158
60012,60012,VO_External_C_00_12.wem,60012,15158
60013,60013,VO_External_C_00_13.wem,60013,15001
60014,60014,VO_External_C_00_14.wem,60014,15158
60015,60015,VO_External_C_00_15.wem,60015,15158
60016,60016,VO_External_C_00_16.wem,60016,15158
60017,60017,VO_External_C_00_17.wem,60017,15158
60018,60018,VO_External_C_00_18.wem,60018,15001
60019,60019,VO_External_C_00_19.wem,60019,15158
60020,60020,VO_External_C_00_20.wem,60020,15158
60021,60021,VO_External_C_00_21.wem,60021,15158
60022,60022,VO_External_C_00_22.wem,60022,15158
60023,60023,VO_External_C_00_23.wem,60023,15158
60024,60024,VO_External_C_00_24.wem,60024,15001
60025,60025,VO_External_C_00_25.wem,60025,15158
60026,60026,VO_External_C_00_26.wem,60026,15158
60027,60027,VO_External_C_00_27.wem,60027,15156
60028,60028,VO_External_C_00_28.wem,60028,15156
60029,60029,VO_External_C_00_29.wem,60029,15001
60030,60030,VO_External_C_00_30.wem,60030,15156
60031,60031,VO_External_C_00_31.wem,60031,15156
60032,60032,VO_External_C_00_32.wem,60032,15156
60033,60033,VO_External_C_00_33.wem,60033,15156
60034,60034,VO_External_C_00_34.wem,60034,15158
60035,60035,VO_External_C_00_35.wem,60035,15156
60036,60036,VO_External_C_00_36.wem,60036,15158
60037,60037,VO_External_C_00_37.wem,60037,15156
60038,60038,VO_External_C_00_38.wem,60038,15156
60039,60039,VO_External_C_00_39.wem,60039,15156
60040,60040,VO_External_C_00_40.wem,60040,15156
60041,60041,VO_External_C_00_41.wem,60041,15158
60042,60042,VO_External_C_00_42.wem,60042,15001
60043,60043,VO_External_C_00_43.wem,60043,15158
60044,60044,VO_External_C_00_44.wem,60044,15158
60045,60045,VO_External_C_00_45.wem,60045,15001
60046,60046,VO_External_C_00_46.wem,60046,15001
60047,60047,VO_External_C_00_47.wem,60047,15001
60048,60048,VO_External_C_00_48.wem,60048,15001
60049,60049,VO_External_C_00_49.wem,60049,15158
60050,60050,VO_External_C_00_50.wem,60050,15158
60051,60051,VO_External_C_00_51.wem,60051,15001
60052,60052,VO_External_C_00_52.wem,60052,15158
60053,60053,VO_External_C_00_53.wem,60053,15156
60054,60054,VO_External_C_00_54.wem,60054,15001
60055,60055,VO_External_C_00_55.wem,60055,15158
60056,60056,VO_External_C_00_56.wem,60056,15001
60057,60057,VO_External_C_00_57.wem,60057,15158
60058,60058,VO_External_C_00_58.wem,60058,15001
60059,60059,VO_External_C_00_59.wem,60059,15158
60060,60060,VO_External_C_00_60.wem,60060,15001
60061,60061,VO_External_C_00_61.wem,60061,15158
60062,60062,VO_External_C_00_62.wem,60062,15001
60063,60063,VO_External_C_00_63.wem,60063,15158
60064,60064,VO_External_C_00_64.wem,60064,15158
60065,60065,VO_External_C_00_65.wem,60065,15001
60066,60066,VO_External_C_00_66.wem,60066,15158
60067,60067,VO_External_C_00_67.wem,60067,15158
60068,60068,VO_External_C_00_68.wem,60068,15158
60069,60069,VO_External_C_00_69.wem,60069,15001
60070,60070,VO_External_C_00_70.wem,60070,15001
60071,60071,VO_External_C_00_71.wem,60071,15001
60072,60072,VO_External_C_00_72.wem,60072,15001
